title,company,location,link
Mid-Level Python Developer,HEXACT,Remote,https://www.indeed.com/viewjob?jk=b38c72a0024ad418
Python Developer Intern,OXO Solutions,"Ruby, SC",https://www.indeed.com/viewjob?jk=84a541c104b5b24c
"Co-op, Computational Sciences Bioinformatics",Moderna,Remote,https://www.indeed.com/viewjob?jk=94aa43c97fc371df
Jr Python Developer,Global Data Management Inc,"Woodbridge, NJ",https://www.indeed.com/viewjob?jk=24185ea11dee3248
Python Developer (remote working),Metaskil Limited,"Kingdom City, MO",https://www.indeed.com/viewjob?jk=4f63ba19ed3a5396
Python Developer (Django),Mako Medical Laboratories,"Raleigh, NC",https://www.indeed.com/viewjob?jk=a542cedd5b8a50a1
Python Engineer,Millennium Management LLC,"New York, NY",https://www.indeed.com/viewjob?jk=02aa57266f1a0d50
Python Developer,ePATHUSA Inc,"Baltimore, MD",https://www.indeed.com/viewjob?jk=701f84f6720bf83f
Junior Software Engineer (Python) - Equinox Fitness Clubs,EQUINOX,"New York, NY",https://www.indeed.com/viewjob?jk=853a2b1781351ef1
BASICS Consultant - Python Development,Internews,Remote,https://www.indeed.com/viewjob?jk=edb59cd10b664b7c
Python Developer,Phrasee,Remote,https://www.indeed.com/viewjob?jk=085a511b377e3ecb
Penetration Testing Trainee (Remote USA),BreachLock,"Florida, NY",https://www.indeed.com/viewjob?jk=487b30db63184515
QA Manual Tester,Agama Solutions,"Dallas, TX",https://www.indeed.com/viewjob?jk=687036ffe9aa0419
Junior Data Engineer,Dell Technologies,Massachusetts,https://www.indeed.com/viewjob?jk=2dcbe0356515928f
Data Technician (Full- or Part-Time),Thasos Group,"New York, NY",https://www.indeed.com/viewjob?jk=da727c0cddda240e
Data Scientist (entry level),Saturn Cloud,Oregon,https://www.indeed.com/viewjob?jk=10ce94304e4f3254
Python Backend Engineer,Sunday,"Boulder, CO",https://www.indeed.com/viewjob?jk=e57748ec3b5b9eaf
Clinical Genomic Scientist,Baylor Genetics,"Houston, TX",https://www.indeed.com/viewjob?jk=4852757d9f884d01
Python Developer (Remote Working),VIQU Ltd,"Kingdom City, MO",https://www.indeed.com/viewjob?jk=31ca506e11976dbd
Data Engineer,Zuora,Remote,https://www.indeed.com/viewjob?jk=bc2296dfb3246c9b
Software Engineer Intern (Python),Vectorworks Inc.,"Columbia, MD",https://www.indeed.com/viewjob?jk=b2e60f03c3f7dd3b
Python Developer,InfoQuest Consulting Group Inc.,Remote,https://www.indeed.com/viewjob?jk=35e33ea7f331f341
Python Developers,Synechron,"Delaware, NJ",https://www.indeed.com/viewjob?jk=b5eda0518f48ff4e
Quantitative Trader - Entry Level,Avatar Securities,"Chicago, IL",https://www.indeed.com/viewjob?jk=d01efa8dad29efdc
"Python Software Analyst, Autopilot",Tesla,"Palo Alto, CA",https://www.indeed.com/viewjob?jk=307084fa6f16c3d4
Software Engineer - Python Developer,"JPMorgan Chase Bank, N.A.","Houston, TX",https://www.indeed.com/viewjob?jk=82f5bafe1a52f59a
Mechanical Engineer - Entry Level,HP,"San Diego, CA",https://www.indeed.com/viewjob?jk=ecc8a538d569454f
Software Engineers & Web Developers,1DocWay,"New York, NY",https://www.indeed.com/viewjob?jk=597b9830f39b5420
Software Engineer (Entry-Level),Raptor Maps,"Somerville, MA",https://www.indeed.com/viewjob?jk=4895c5581d575885
Early career data scientist / analyst / statistical geneticist,Data Tecnica,"Glen Echo, MD",https://www.indeed.com/viewjob?jk=b6506065408f4f15
Applied Scientist (Remote),Yelp,Remote,https://www.indeed.com/viewjob?jk=b824a883fa4e55a5
Python developer,VAUXOO,"Colima, GA",https://www.indeed.com/viewjob?jk=f7669fcbd77ecd11
Python Developer,Spire Digital,"Denver, CO",https://www.indeed.com/viewjob?jk=6f1c7fcc5a94a198
Frontend Engineer,Openbase,"San Francisco, CA",https://www.indeed.com/viewjob?jk=89b80ad5ea8f063d
Front-End Software Engineer,BRIGHT.MD,Remote,https://www.indeed.com/viewjob?jk=c78155025038cb6d
Full Stack Software Engineer (Python/Vue) - Remote,Canary Technologies,Remote,https://www.indeed.com/viewjob?jk=42b7fc424289a17b
"MACHINE LEARNING ENGINEER - PYTHON, TENSORFLOW",InspiHER Tech,United States,https://www.indeed.com/viewjob?jk=a754b1fae51c41d2
Cybersecurity Support Specialist - Entry level,University System of Georgia,"Athens, GA",https://www.indeed.com/viewjob?jk=d6a05635e41ec404
Business Analyst-Remote-Contract (6+Months)Â,Agama Solutions,Georgia,https://www.indeed.com/viewjob?jk=3b524ae4e0afd1ba
Software Engineer -Python Developer (Remote or Pittsburgh),Seegrid,Remote,https://www.indeed.com/viewjob?jk=05a5e79b86ab8d77
Python Developer,TCS,"Sunnyvale, CA",https://www.indeed.com/viewjob?jk=59a2b2ec98fe4922
Senior Python Developer (Remote),ThirstySprout,"Seattle, WA",https://www.indeed.com/viewjob?jk=64dcf66622a1ae45
Paid Search Technologist,Intertec International,"Cincinnati, OH",https://www.indeed.com/viewjob?jk=26fb218f12207c18
Python Developer,Callsign Media,"Las Vegas, NV",https://www.indeed.com/viewjob?jk=345e22ca6e583be5
python-developer,Primafelicitas,"San Francisco, CA",https://www.indeed.com/viewjob?jk=7363bacb02a91ef9
Internship - Human Development Report Office,United Nations Development Programme (UNDP),Remote,https://www.indeed.com/viewjob?jk=5628df8a8007743e
Junior Python Developer,GTS,"New York, NY",https://www.indeed.com/viewjob?jk=f8f068da6dd93fa6
New/Developing Equity Trader January 2021,SMB Capital,"New York, NY",https://www.indeed.com/viewjob?jk=276b796a92dbc3c3
Software Engineering - Python Developer,"JPMorgan Chase Bank, N.A.","New York, NY",https://www.indeed.com/viewjob?jk=252b2248a81bdeb7
PYTHON DEVELOPER,Pythonwise,"Seattle, WA",https://www.indeed.com/viewjob?jk=1a20a1c56fb7df73
Junior Data Scientist,World Bank Group,"Washington, DC",https://www.indeed.com/viewjob?jk=92e7d1ca5de9128d
Healthcare Data Analyst,pulseData,"New York, NY",https://www.indeed.com/viewjob?jk=228f71a64ca06771
Entry Level Business Analyst (2+Years Exp),Agama Solutions,Arizona,https://www.indeed.com/viewjob?jk=e6e644c9c83e253c
Jr. Data Analyst - TAP,Chubb,United States,https://www.indeed.com/viewjob?jk=fe3f1af713b28127
Python Developer Trainee,Cndro,"Houston, TX",https://www.indeed.com/viewjob?jk=0cf2026f52be6bc9
"Winter/Spring 2021 Internship, Analytics",ACLU - Internships,New York State,https://www.indeed.com/viewjob?jk=1d1843affe2a6bc0
Senior Level Python Developer,Naka Technologies,"New York, NY",https://www.indeed.com/viewjob?jk=bfa41cad10426505
Python Developer,Tech Pundits,"Philadelphia, PA",https://www.indeed.com/viewjob?jk=7a93e09be795ac6b
Python Developer - Virtual Office,"World Wide Technology, Inc.","Denver, CO",https://www.indeed.com/viewjob?jk=c11b56a23249cbf3
"Accountant - remote, EU",SwissBorg,Remote,https://www.indeed.com/viewjob?jk=c4380f67a690a84e
"Data Scientist, Analytics - B2B",Calm,Remote,https://www.indeed.com/viewjob?jk=ae33f40a0ee7580c
Associate Data Scientist,Coursera,"Mountain View, CA",https://www.indeed.com/viewjob?jk=c6acff5463f8fbf6
Software or Machine Learning Engineer - Entry Level,Apple,"Santa Clara Valley, CA",https://www.indeed.com/viewjob?jk=0a15fa886dca0fd8
Python Developer,Saama Technologies Inc,"Phoenix, AZ",https://www.indeed.com/viewjob?jk=482eb81f901206dd
Intern - Bioinformatics (ADX-231-20),"ArcherDX, Inc.","Boulder, CO",https://www.indeed.com/viewjob?jk=0203da2c5e2c574c
"Virtual Data Analytics & Science Internships, Spring 2021",HBO,"New York, NY",https://www.indeed.com/viewjob?jk=5e4c8179efd94fc2
Biomedical R&D Studies Co-Op Intern,Apple,"Santa Clara Valley, CA",https://www.indeed.com/viewjob?jk=f313e9b432ee0fc7
Quantitative Equities - Programmer/Quantitative Researcher (LAM),Lazard Ltd.,"Boston, MA",https://www.indeed.com/viewjob?jk=06ab2cf62cc9e664
Data Analyst,Treehouse,Oregon,https://www.indeed.com/viewjob?jk=9d0dbd35355d656f
Python Developer,Haneke Design,"Tampa, FL",https://www.indeed.com/viewjob?jk=542b21736b6bca61
Data Researcher,S&P Global,Colorado,https://www.indeed.com/viewjob?jk=ae36434bfb79c06b
Apprentice,Liberty University,"Lynchburg, VA",https://www.indeed.com/viewjob?jk=bc72a90d91b9385c
Python Developer,Sofmen,"Saratoga, CA",https://www.indeed.com/viewjob?jk=42eac18d50711f0c
Jr Front End Engineer (React),Genius Plaza,United States,https://www.indeed.com/viewjob?jk=caba5d76b6f7e980
Machine Learning Robotics Engineer,Toyota Industries,"Columbus, IN",https://www.indeed.com/viewjob?jk=7506f32e841c1f63
Digital Forensics Intern or Coop,Basis Technology,"Cambridge, MA",https://www.indeed.com/viewjob?jk=015c356638c2b4d2
Backend Software Engineer (Python/Django),ixlayer,"San Francisco, CA",https://www.indeed.com/viewjob?jk=72b5bc8e21a7b513
Materials Scientist/Engineer 1600W-6,E Ink,"Billerica, MA",https://www.indeed.com/viewjob?jk=8242d32822378ce7
Data Scientist Research Fellow,UCLA,"Los Angeles, CA",https://www.indeed.com/viewjob?jk=7b30025486f0308a
Digital Data Analyst (Remote),Cella,"Malvern, PA",https://www.indeed.com/viewjob?jk=3bc3f9ee8f0c073a
Senior Python Developer,Ebury Partners,Remote,https://www.indeed.com/viewjob?jk=249fd45368894066
C++ / PYTHON DEVELOPER,SUNY Downstate Medical Center,"Brooklyn, NY",https://www.indeed.com/viewjob?jk=eedb45e66573702a
Quantitative Trader (Entry Level) - Chicago,XR Trading LLC,"Chicago, IL",https://www.indeed.com/viewjob?jk=facf9142065d18c2
Developer - Python Django,Energy Sense Finance,"Tampa, FL",https://www.indeed.com/viewjob?jk=213f60ab30d8eece
Data Scientist,Inspire,Remote,https://www.indeed.com/viewjob?jk=3d80239809596f2c
Data Scientist,TrueAccord,Remote,https://www.indeed.com/viewjob?jk=fc24628e0b434a5a
Software Engineer (Python) - Equinox Fitness Clubs,EQUINOX,"New York, NY",https://www.indeed.com/viewjob?jk=eb3abd8710828f24
Software Engineer (Remote),GapJumpers,"San Francisco, CA",https://www.indeed.com/viewjob?jk=baaa8a0c1f573f17
Research and Planning Administrator - 61023710,State of South Carolina,"Columbia, SC",https://www.indeed.com/viewjob?jk=c33c61eaf919a2c0
"Python Developer | Richmond, VA (Remote until 2021)",iknowvate technologies,"Richmond, VA",https://www.indeed.com/viewjob?jk=5a9a0ac14d0aaba7
Clinical Fellow – LIT Python Developer,Suffolk University,"Boston, MA",https://www.indeed.com/viewjob?jk=bb1132f59e68221b
Entry-Level Software Engineer,Biomeme,"Philadelphia, PA",https://www.indeed.com/viewjob?jk=11392b78bdb18770
Software Engineer Apprentice,IBM,"Tucson, AZ",https://www.indeed.com/viewjob?jk=bfd0147a0e89343d
Product Analyst,Game Insight,Remote,https://www.indeed.com/viewjob?jk=04f896b9be09f77a
Software Developer Intern,JENSEN HUGHES,"West Chester, PA",https://www.indeed.com/viewjob?jk=6437a9504b1f5d3c
Junior Analyst Data (JetBlue Travel Products),JetBlue Airways Corporation,"Dania Beach, FL",https://www.indeed.com/viewjob?jk=3925a4dcc646bd31
ACI Participant (Full Time) Software Developer Intern - Vissidus,Aloha Connects Innovation Program - Maui,"Honolulu, HI",https://www.indeed.com/viewjob?jk=049ab989b8c91625
Robotics Engineer,Robby Technologies,"Palo Alto, CA",https://www.indeed.com/viewjob?jk=a6456a8f09ab6e0d
Staff DBA,Galileo Financial Technologies,"Salt Lake City, UT",https://www.indeed.com/viewjob?jk=546f99753b4107ec
Data Scientist/Modeler,Battelle,"Columbus, OH",https://www.indeed.com/viewjob?jk=18c7ea1c33f31b4c
Software Engineering Java/ Python,"JPMorgan Chase Bank, N.A.","Bournemouth, UK",https://stackoverflow.com/jobs/456152
Python Developer,MUFG Investor Services FinTech LimitedviaWork in Lithuania,"Vilnius, Lithuania",https://stackoverflow.com/jobs/451385
"Python/Django Developer, Lausanne",MoneyPark,"Lausanne, Switzerland",https://stackoverflow.com/jobs/443600
Python Software Engineer,bloomon,"Amsterdam, Netherlands",https://stackoverflow.com/jobs/286140
Python Software Developer,"Old Mission Capital, LLC","Chicago, IL",https://stackoverflow.com/jobs/237203
Backend Developer – Python/Django,5 Monkeys Agency AB,"Göteborg, Sweden",https://stackoverflow.com/jobs/443603
Senior Software Engineer - Python,YouGov,"Warsaw, Poland",https://stackoverflow.com/jobs/422635
Mid-level Python and Django software developer,Eligible.ai,"London, UK",https://stackoverflow.com/jobs/447951
Python Developer (Django),Mako Medical,"Raleigh, NC",https://stackoverflow.com/jobs/455012
Senior Python Back End Engineer (Remote),Loadsmart,No office location,https://stackoverflow.com/jobs/430974
Senior Backend Software Engineer (Python/Django),Chaturbate,"Los Angeles, CA",https://stackoverflow.com/jobs/448419
Python developer for VoIP service provider,TelSmart,"Zagreb, Croatia",https://stackoverflow.com/jobs/435753
senior python developer,HaysviaHays PLC,"London, UK",https://stackoverflow.com/jobs/387197
Mid-Level Backend Software Engineer (Python / Django),"Tivix, Inc.","Wrocław, Poland",https://stackoverflow.com/jobs/420639
Experienced Full-Stack Engineer (Python/Django),CareSolace Inc.,"Encinitas, CA",https://stackoverflow.com/jobs/452576
Lead Software Engineer - Python - ASOS AI,ASOS,"London, UK",https://stackoverflow.com/jobs/455785
Python Software Engineer - Glasgow - Associate,"JPMorgan Chase Bank, N.A.","Glasgow, UK",https://stackoverflow.com/jobs/445241
Senior Python Engineer,Bulb Energy,"London, UK",https://stackoverflow.com/jobs/396265
Backend Developer – Python/Django,5 Monkeys Agency AB,"Stockholm, Sweden",https://stackoverflow.com/jobs/443604
Senior Software Engineer - Fullstack Python / React,StyleSeat,No office location,https://stackoverflow.com/jobs/451027
Senior Python Developer,scoutbee GmbH,"Berlin, Germany",https://stackoverflow.com/jobs/432930
Senior Backend Engineer (Python/Django),Financial Technology Partners,"San Francisco, CA",https://stackoverflow.com/jobs/446918
Senior Python Engineer for Booking Backend Tribe,Kiwi.com,"Prague, Czechia",https://stackoverflow.com/jobs/410394
Backend Software Engineer (Python),Finsera,No office location,https://stackoverflow.com/jobs/359294
Senior Python Developer,YouGov,"Bengaluru, India",https://stackoverflow.com/jobs/400054
Senior Backend Software Engineer (Python),"Curative, Inc",No office location,https://stackoverflow.com/jobs/408170
Senior Full-stack web developer - Python,CBOE Global MarketsviaHays PLC,"London, UK",https://stackoverflow.com/jobs/355023
Python Developer,De La Rue North America Holdings,"Logan, UT",https://stackoverflow.com/jobs/431392
Senior Python Engineer,Tivix,"Wrocław, Poland",https://stackoverflow.com/jobs/420641
Python Software Engineer,Captivation Software,"Fort Meade, MD",https://stackoverflow.com/jobs/449506
Senior Python Engineer for Booking Backend Tribe,Kiwi.com,"Prague, Czechia",https://stackoverflow.com/jobs/410394
Senior Python Backend Developer (m/f/x),Innoactive GmbH,"München, Germany",https://stackoverflow.com/jobs/412785
Senior Backend Engineer - Python,APNATIME TECH PRIVATE LIMITED,No office location,https://stackoverflow.com/jobs/411044
Sr. Python Software Engineer,Global Reach Consulting LLC,"Reston, VA",https://stackoverflow.com/jobs/417839
Backend Engineer - Python (m/f/d),Laya Technologies,"München, Deutschland",https://stackoverflow.com/jobs/333801
Wagestream - Lead Engineer - Financial Wellbeing - £80-100k - Python/Flask/AWS,Wagestream - Financial Wellbeing/Tech for GoodviaConfido Talent,"London, UK",https://stackoverflow.com/jobs/415332
Senior Software Engineer -Python - Global Contact Center (f/m/d),Delivery Hero SE,"Berlin, Germany",https://stackoverflow.com/jobs/454976
Data engineer / Dev backend python,PandaScore,"Paris, France",https://stackoverflow.com/jobs/450829
Independent & Self-motivated Python Backend Developer,Seez,No office location,https://stackoverflow.com/jobs/394457
(Senior) Full-Stack Software Engineer who loves Python,Advertima,"Berlin, Germany",https://stackoverflow.com/jobs/422932
Developer (Python OR JavaScript),Odoo,"Ramillies, Belgium",https://stackoverflow.com/jobs/167359
Senior Full Stack Software Engineer – Python/JavaScript (m/f/d),CeleraOne GmbH,"Berlin, Deutschland",https://stackoverflow.com/jobs/449456
Senior Python Developer for Finance Tribe,Kiwi.com,"Prague, Czechia",https://stackoverflow.com/jobs/410395
Développeur·euse Python,leboncoin,"Paris, France",https://stackoverflow.com/jobs/455192
Software Developer (Java / Javascript / Python) - progress to SDET,Nominet,"Oxford, UK",https://stackoverflow.com/jobs/445445
Senior Software Engineer (GO/PHP/Python/JS),Thycotic,No office location,https://stackoverflow.com/jobs/439763
Python Developer,Flow Traders,"Amsterdam, Netherlands",https://stackoverflow.com/jobs/192630
Python/Django Software Developer (m/f/d),ClimatePartner,"München, Deutschland",https://stackoverflow.com/jobs/361172
Software Engineer - Python,"JPMorgan Chase Bank, N.A.","Glasgow, UK",https://stackoverflow.com/jobs/447637
Backend Python Developer (m/f/x),Alasco,"München, Germany",https://stackoverflow.com/jobs/388312
